{"columns":["RE_share","solar_generation","wind_generation","hydro_generation","biomass_generation","demand"],"index":[1714078800000,1714082400000,1714086000000,1714089600000,1714093200000,1714096800000,1714100400000,1714104000000,1714107600000,1714111200000,1714114800000,1714118400000,1714122000000,1714125600000,1714129200000,1714132800000,1714136400000,1714140000000,1714143600000,1714147200000,1714150800000,1714154400000,1714158000000,1714161600000,1714165200000,1714168800000,1714172400000,1714176000000,1714179600000,1714183200000,1714186800000,1714190400000,1714194000000,1714197600000,1714201200000,1714204800000,1714208400000,1714212000000,1714215600000,1714219200000,1714222800000,1714226400000,1714230000000,1714233600000,1714237200000,1714240800000,1714244400000,1714248000000,1714251600000,1714255200000,1714258800000,1714262400000,1714266000000,1714269600000,1714273200000,1714276800000,1714280400000,1714284000000,1714287600000,1714291200000,1714294800000,1714298400000,1714302000000,1714305600000,1714309200000,1714312800000,1714316400000,1714320000000,1714323600000,1714327200000,1714330800000,1714334400000,1714338000000,1714341600000,1714345200000,1714348800000,1714352400000,1714356000000,1714359600000,1714363200000,1714366800000,1714370400000,1714374000000,1714377600000,1714381200000,1714384800000,1714388400000,1714392000000,1714395600000,1714399200000,1714402800000,1714406400000,1714410000000,1714413600000,1714417200000,1714420800000,1714424400000,1714428000000,1714431600000,1714435200000,1714438800000,1714442400000,1714446000000,1714449600000,1714453200000,1714456800000,1714460400000,1714464000000,1714467600000,1714471200000,1714474800000,1714478400000,1714482000000,1714485600000,1714489200000,1714492800000,1714496400000,1714500000000,1714503600000,1714507200000,1714510800000,1714514400000,1714518000000,1714521600000,1714525200000,1714528800000,1714532400000,1714536000000,1714539600000,1714543200000,1714546800000,1714550400000,1714554000000,1714557600000,1714561200000,1714564800000,1714568400000,1714572000000,1714575600000,1714579200000,1714582800000,1714586400000,1714590000000,1714593600000,1714597200000],"data":[[0.2849769133,0.0,9384.0462498376,1657.25,4758.75,55443.25],[0.3301486024,0.0,10937.2488673703,1657.25,4758.75,52561.9334490741],[0.3580234902,0.0,11096.3190631892,1657.25,4758.75,48913.8828703704],[0.3793845602,0.0,10891.7163572118,1657.25,4758.75,45620.5079861111],[0.3957843816,0.0,10598.8348803042,1657.25,4758.75,42990.1625],[0.4129442511,0.0,10553.5855395104,1657.25,4758.75,41094.1319444444],[0.4135737038,5.9114759967,10476.4228571022,1657.25,4758.75,40859.3055555556],[0.4018488242,859.0855918152,9485.0169419768,1657.25,4758.75,41707.4818287037],[0.3887438486,2795.4718898444,7707.1711685178,1657.25,4758.75,43521.3138888889],[0.3651476946,4582.3644463355,6404.5555327178,1657.25,4758.75,47659.9475694444],[0.4305443685,10071.7474860352,6203.1645986521,1657.25,4758.75,52702.8425925926],[0.5178736452,15873.4909330895,6824.4392802349,1657.25,4758.75,56218.2116898148],[0.6084400171,19389.5447893089,9210.4579094657,1657.25,4758.75,57550.4597222222],[0.6481551974,20063.3461964266,11393.6706036674,1657.25,4758.75,58432.0189814815],[0.6264622781,19479.070294379,10990.3076289882,1657.25,4758.75,58878.8490740741],[0.585831982,18853.147183942,9374.431862536,1657.25,4758.75,59135.6909722222],[0.55755796,18112.0034708218,7762.8511713986,1657.25,4758.75,57914.7944444444],[0.5132038678,16366.195832613,5791.2126772955,1657.25,4758.75,55676.5260416667],[0.4308411851,13431.385767628,3569.5073277454,1657.25,4758.75,54351.5659722222],[0.3284910655,9119.1301365675,2035.6533620701,1657.25,4758.75,53489.3802083333],[0.2135781957,3676.5063348242,1407.3129967163,1657.25,4758.75,53843.6018518518],[0.1484079422,226.5010789965,1400.0675231532,1657.25,4758.75,54192.3059027778],[0.1486554717,0.0,1648.3247270108,1657.25,4758.75,54248.4217592593],[0.1560232089,0.0,1915.1744625346,1657.25,4758.75,53397.0203703704],[0.1605668441,0.0,2015.0991578554,1657.25,4758.75,52508.3444444444],[0.1713358855,0.0,2021.4299309585,1657.25,4758.75,49244.9664351852],[0.1853998455,0.0,2097.3399685965,1657.25,4758.75,45918.8083333333],[0.1970974741,0.0,2060.1401924534,1657.25,4758.75,43004.8138888889],[0.2029435629,0.0,1927.4407497133,1657.25,4758.75,41112.1231481481],[0.2110180417,0.0,1865.3536860521,1657.25,4758.75,39244.766087963],[0.2186187883,7.584025446,1957.571822132,1657.25,4758.75,38336.8506944444],[0.254777112,967.0771599683,2396.178813956,1657.25,4758.75,38383.5733796296],[0.3191859297,3054.612275218,2887.9796573544,1657.25,4758.75,38719.1],[0.3560127102,4798.0224524601,2808.1029388514,1657.25,4758.75,39386.5864583333],[0.504218745,11119.3600551257,3240.2069684393,1657.25,4758.75,41203.4800925926],[0.6726416878,18301.8185126843,4854.4805292757,1657.25,4758.75,43964.416087963],[0.8156180451,24627.218793035,6983.0003497767,1657.25,4758.75,46622.5819444444],[0.9188288207,28883.7436540935,9274.5754866848,1657.25,4758.75,48512.1038194444],[0.9929090288,31407.3568147581,11107.2787274392,1657.25,4758.75,49280.0791666667],[1.0109006292,31903.2836057205,11667.6376916103,1657.25,4758.75,49447.9079861111],[0.984491135,29836.9037327005,11248.9986351389,1657.25,4758.75,48250.2083333333],[0.9001731787,25704.1779954216,10309.7851548573,1657.25,4758.75,47135.3336805556],[0.7897632451,20250.0031508004,9832.4456209502,1657.25,4758.75,46214.4180555556],[0.6205901632,12738.806064391,9269.503450414,1657.25,4758.75,45802.0626157407],[0.4392585827,4653.9074986524,9142.1015413346,1657.25,4758.75,46013.9194444444],[0.3763708821,244.6575024376,11121.9427400287,1657.25,4758.75,47247.5451388889],[0.4293805722,0.0,14253.2755878584,1657.25,4758.75,48137.4261574074],[0.4880764034,0.0,16795.868616641,1657.25,4758.75,47557.8586805556],[0.5348739489,0.0,18248.2977107995,1657.25,4758.75,46112.3555555556],[0.5814616978,0.0,19443.9743194102,1657.25,4758.75,44474.0804398148],[0.6391010993,0.0,20509.3330109419,1657.25,4758.75,42130.005787037],[0.6762161413,0.0,20589.7352781665,1657.25,4758.75,39936.5434027778],[0.7268039179,0.0,20930.8379478819,1657.25,4758.75,37626.1564814815],[0.7940009492,0.0,22090.829802027,1657.25,4758.75,35902.7653935185],[0.8383526718,13.1481495315,23206.6374279371,1657.25,4758.75,35350.0222222222],[0.87421421,1020.4827808151,23368.2483614363,1657.25,4758.75,35237.0515046296],[0.8798304016,3125.4445538428,21780.2358716732,1657.25,4758.75,35599.6796296296],[0.8669803775,5173.0432902423,19504.8102822353,1657.25,4758.75,35864.5413194444],[0.9689724559,10432.5946990338,18481.3948762616,1657.25,4758.75,36461.2939814815],[1.0797117426,16278.0452805442,19518.0872063934,1657.25,4758.75,39095.7427083333],[1.1846423699,21965.6404964487,21600.3543600644,1657.25,4758.75,42191.6319444444],[1.2724974616,26453.4905975686,22919.113207966,1657.25,4758.75,43841.8193287037],[1.2987648827,28607.5470967903,23616.5483901854,1657.25,4758.75,45150.662962963],[1.2607416759,27844.5829314519,24140.6534763325,1657.25,4758.75,46322.9204861111],[1.2250990561,24185.6559499154,24051.8642014451,1657.25,4758.75,44611.5111111111],[1.1392864266,18847.7749262399,23148.5304251473,1657.25,4758.75,42493.5329861111],[0.9877236728,12755.6843014892,21235.5156683316,1657.25,4758.75,40909.4173611111],[0.8026759267,6969.4118382688,19031.1646607558,1657.25,4758.75,40385.634375],[0.6505248234,2483.7126195611,17423.4090431938,1657.25,4758.75,40464.4384259259],[0.5510246763,362.282011325,16533.6794268184,1657.25,4758.75,42306.5652777778],[0.5235645338,0.0,16387.286678881,1657.25,4758.75,43553.9178240741],[0.5274181166,0.0,16794.5822312713,1657.25,4758.75,44007.9350694444],[0.5139926647,0.0,16272.1830501835,1657.25,4758.75,44141.0638888889],[0.4897762331,0.0,14839.7569638578,1657.25,4758.75,43398.9146990741],[0.4740648918,0.0,13154.5292451891,1657.25,4758.75,41282.3847222222],[0.4620281745,0.0,11533.2555454104,1657.25,4758.75,38848.8333333333],[0.4257419955,0.0,9406.8979701729,1657.25,4758.75,37165.462037037],[0.3840548936,0.0,