{"columns":["RE_share","solar_generation","wind_generation","hydro_generation","biomass_generation","demand"],"index":[1714683600000,1714687200000,1714690800000,1714694400000,1714698000000,1714701600000,1714705200000,1714708800000,1714712400000,1714716000000,1714719600000,1714723200000,1714726800000,1714730400000,1714734000000,1714737600000,1714741200000,1714744800000,1714748400000,1714752000000,1714755600000,1714759200000,1714762800000,1714766400000,1714770000000,1714773600000,1714777200000,1714780800000,1714784400000,1714788000000,1714791600000,1714795200000,1714798800000,1714802400000,1714806000000,1714809600000,1714813200000,1714816800000,1714820400000,1714824000000,1714827600000,1714831200000,1714834800000,1714838400000,1714842000000,1714845600000,1714849200000,1714852800000,1714856400000,1714860000000,1714863600000,1714867200000,1714870800000,1714874400000,1714878000000,1714881600000,1714885200000,1714888800000,1714892400000,1714896000000,1714899600000,1714903200000,1714906800000,1714910400000,1714914000000,1714917600000,1714921200000,1714924800000,1714928400000,1714932000000,1714935600000,1714939200000,1714942800000,1714946400000,1714950000000,1714953600000,1714957200000,1714960800000,1714964400000,1714968000000,1714971600000,1714975200000,1714978800000,1714982400000,1714986000000,1714989600000,1714993200000,1714996800000,1715000400000,1715004000000,1715007600000,1715011200000,1715014800000,1715018400000,1715022000000,1715025600000,1715029200000,1715032800000,1715036400000,1715040000000,1715043600000,1715047200000,1715050800000,1715054400000,1715058000000,1715061600000,1715065200000,1715068800000,1715072400000,1715076000000,1715079600000,1715083200000,1715086800000,1715090400000,1715094000000,1715097600000,1715101200000,1715104800000,1715108400000,1715112000000,1715115600000,1715119200000,1715122800000,1715126400000,1715130000000,1715133600000,1715137200000,1715140800000,1715144400000,1715148000000,1715151600000,1715155200000,1715158800000,1715162400000,1715166000000,1715169600000,1715173200000,1715176800000,1715180400000,1715184000000,1715187600000,1715191200000,1715194800000,1715198400000,1715202000000],"data":[[0.6117574187,0.0,28151.8102492481,1784.5,4511.75,56310.0],[0.6284823685,0.0,28359.9095610723,1784.5,4511.75,55142.6122685185],[0.6244599594,0.0,27516.4230297632,1784.5,4511.75,54147.0634259259],[0.6309011823,0.0,25813.4569125011,1784.5,4511.75,50894.9861111111],[0.6421663615,0.0,24221.3105111121,1784.5,4511.75,47522.8263888889],[0.6619782415,0.0,23233.6581031432,1784.5,4511.75,44608.578125],[0.6866563442,0.0,22738.2271966152,1784.5,4511.75,42283.8548611111],[0.7002253987,0.0,22303.1503760216,1784.5,4511.75,40843.134837963],[0.7003490352,34.7327078238,21879.2560551551,1784.5,4511.75,40280.2564814815],[0.6863286545,842.8883138928,21145.3642006763,1784.5,4511.75,41211.309375],[0.6521031504,2225.0287438664,19657.2531518984,1784.5,4511.75,43211.7708333333],[0.6171498936,3815.721351732,19353.6174563978,1784.5,4511.75,47744.6226851852],[0.6161798545,6762.311937591,20179.0454910658,1784.5,4511.75,53941.4055555556],[0.633052334,9550.8272680073,20513.7841752734,1784.5,4511.75,57437.3704861111],[0.6519209771,11956.6090953761,20000.5767483278,1784.5,4511.75,58678.0256944444],[0.663343889,13529.1288677065,19411.761115014,1784.5,4511.75,59150.5260416667],[0.6645650125,14314.6238195225,18753.7682995918,1784.5,4511.75,59233.6962962963],[0.6540820587,13897.8474383983,18606.2950351337,1784.5,4511.75,59320.3741898148],[0.6228619584,12332.4416578928,17621.1947935567,1784.5,4511.75,58198.9090277778],[0.5871020005,9927.6446018382,16675.8582834927,1784.5,4511.75,56037.5417824074],[0.5380332557,7207.0967355207,15958.9408606746,1784.5,4511.75,54759.2314814815],[0.4685728472,4635.4276620608,14333.7606583229,1784.5,4511.75,53919.9795138889],[0.3829149697,2237.0250199583,12223.2313454774,1784.5,4511.75,54206.5680555556],[0.307550927,321.0183477528,10129.771594299,1784.5,4511.75,54452.9002314815],[0.2812113651,0.0,9000.9999109386,1784.5,4511.75,54397.6944444445],[0.2696217446,0.0,8097.2632700863,1784.5,4511.75,53384.0966435185],[0.2526630912,0.0,6962.273377371,1784.5,4511.75,52475.1094907407],[0.2524794764,0.0,6131.1226113592,1784.5,4511.75,49221.3180555556],[0.2687136262,0.0,5996.2311125731,1784.5,4511.75,45745.6560185185],[0.2926739058,0.0,6216.0821528077,1784.5,4511.75,42751.7858796296],[0.3041214275,0.0,6132.4620054424,1784.5,4511.75,40867.5972222222],[0.3030401084,0.0,5537.9441163696,1784.5,4511.75,39051.5769675926],[0.305452769,37.8957400578,5321.7543083236,1784.5,4511.75,38159.4185185185],[0.3329354959,1325.0201163863,5080.6295580363,1784.5,4511.75,38151.2329861111],[0.367717155,3630.4676920103,4232.443906075,1784.5,4511.75,38505.5780092593],[0.3978066765,5873.6184875641,3438.5513910179,1784.5,4511.75,39236.1938657407],[0.5080357121,11486.5819007492,3157.2147360961,1784.5,4511.75,41217.6666666667],[0.6012754713,17178.5020060747,2994.2451449294,1784.5,4511.75,44021.415162037],[0.651208424,21148.4554535867,2960.7772274457,1784.5,4511.75,46690.862037037],[0.6753373598,23415.5255887012,3152.5867936966,1784.5,4511.75,48663.6225694445],[0.6807184829,24309.4167522349,3323.1135616724,1784.5,4511.75,49842.6018518519],[0.6636861167,23489.0156844158,3355.8626853326,1784.5,4511.75,49934.9429398148],[0.6264634593,20903.197781633,3541.6971232986,1784.5,4511.75,49070.9305555556],[0.5804679681,17040.6241817312,4178.1516687544,1784.5,4511.75,47401.4542824074],[0.5419222173,13344.866260155,5308.937212236,1784.5,4511.75,46039.9162037037],[0.4604658742,7876.6588878355,6711.7686555052,1784.5,4511.75,45355.5381944444],[0.3878462477,3064.4848577471,8406.6285169294,1784.5,4511.75,45810.3268518519],[0.3873664677,331.0405824889,11620.5753402524,1784.5,4511.75,47107.5001157407],[0.4610956029,0.0,15729.9795517972,1784.5,4511.75,47769.3333333333],[0.5357221407,0.0,18878.8474879327,1784.5,4511.75,46992.8262731482],[0.5931604627,0.0,20850.9633427087,1784.5,4511.75,45767.0648148148],[0.644396495,0.0,22376.2998062501,1784.5,4511.75,44495.1982638889],[0.7095546707,0.0,23571.6201369036,1784.5,4511.75,42093.825],[0.7713978729,0.0,24145.5294343193,1784.5,4511.75,39463.1363425926],[0.802449472,0.0,23666.9630759139,1784.5,4511.75,37339.6881944444],[0.8129518764,0.0,22888.2584922536,1784.5,4511.75,35899.4293981481],[0.8186222786,41.9572454391,22382.0055375798,1784.5,4511.75,35083.5953703704],[0.8409539833,1137.094670968,21832.5900741253,1784.5,4511.75,34800.8753472222],[0.8966440987,3125.0500051224,22086.1463870637,1784.5,4511.75,35139.300462963],[0.9878481875,5204.9903889993,23164.8838719942,1784.5,4511.75,35092.5625],[1.1030085548,9808.3944543569,24088.0604489591,1784.5,4511.75,36439.1597222222],[1.1453195152,14409.3767109846,24171.4750462819,1784.5,4511.75,39183.0412037037],[1.145023963,18519.2184745097,23662.7158978885,1784.5,4511.75,42338.1395833333],[1.1740875999,22321.504251974,23433.6966782997,1784.5,4511.75,44333.5326388889],[1.1876840536,24415.0497635288,23701.6841529272,1784.5,4511.75,45814.3592592593],[1.1523454837,24011.8750130654,23720.666644735,1784.5,4511.75,46885.931712963],[1.1291590322,22009.5784995407,22809.8482492932,1784.5,4511.75,45268.8020833333],[1.0649339793,18650.6693405776,21156.5243145706,1784.5,4511.75,43292.3021990741],[0.9234375277,13896.9874364887,18595.9551381871,1784.5,4511.75,42005.2157407407],[0.7047150312,8428.6886125183,14487.2900939062,1784.5,4511.75,41452.5409722222],[0.4904593173,3327.1393444965,10957.8776039415,1784.5,4511.75,41963.25],[0.3670141067,563.060535367,9350.8601679252,1784.5,4511.75,44167.7047453704],[0.3326271586,0.0,8687.321957352,1784.5,4511.75,45046.1472222222],[0.3307375737,0.0,8665.7842888596,1784.5,4511.75,45238.3868055556],[0.3368786513,0.0,8886.7624197074,1784.5,4511.75,45069.6782407407],[0.3507316926,0.0,9409.2978136279,1784.5,4511.75,44779.3802083333],[0.3990010709,0.0,10750.9889236187,1784.5,4511.75,42724.7949074074],[0.444722716,0.0,11555.9650226178,1784.5,4511.75,40142.3502314815],[0.4651886669,0.0,11618.9712441147,1784.5,