{"columns":["RE_share","solar_generation","wind_generation","hydro_generation","biomass_generation","demand"],"index":[1714942800000,1714946400000,1714950000000,1714953600000,1714957200000,1714960800000,1714964400000,1714968000000,1714971600000,1714975200000,1714978800000,1714982400000,1714986000000,1714989600000,1714993200000,1714996800000,1715000400000,1715004000000,1715007600000,1715011200000,1715014800000,1715018400000,1715022000000,1715025600000,1715029200000,1715032800000,1715036400000,1715040000000,1715043600000,1715047200000,1715050800000,1715054400000,1715058000000,1715061600000,1715065200000,1715068800000,1715072400000,1715076000000,1715079600000,1715083200000,1715086800000,1715090400000,1715094000000,1715097600000,1715101200000,1715104800000,1715108400000,1715112000000,1715115600000,1715119200000,1715122800000,1715126400000,1715130000000,1715133600000,1715137200000,1715140800000,1715144400000,1715148000000,1715151600000,1715155200000,1715158800000,1715162400000,1715166000000,1715169600000,1715173200000,1715176800000,1715180400000,1715184000000,1715187600000,1715191200000,1715194800000,1715198400000,1715202000000,1715205600000,1715209200000,1715212800000,1715216400000,1715220000000,1715223600000,1715227200000,1715230800000,1715234400000,1715238000000,1715241600000,1715245200000,1715248800000,1715252400000,1715256000000,1715259600000,1715263200000,1715266800000,1715270400000,1715274000000,1715277600000,1715281200000,1715284800000,1715288400000,1715292000000,1715295600000,1715299200000,1715302800000,1715306400000,1715310000000,1715313600000,1715317200000,1715320800000,1715324400000,1715328000000,1715331600000,1715335200000,1715338800000,1715342400000,1715346000000,1715349600000,1715353200000,1715356800000,1715360400000,1715364000000,1715367600000,1715371200000,1715374800000,1715378400000,1715382000000,1715385600000,1715389200000,1715392800000,1715396400000,1715400000000,1715403600000,1715407200000,1715410800000,1715414400000,1715418000000,1715421600000,1715425200000,1715428800000,1715432400000,1715436000000,1715439600000,1715443200000,1715446800000,1715450400000,1715454000000,1715457600000,1715461200000],"data":[[0.3367637613,0.0,9790.3746831185,1782.5,4531.0,47819.5],[0.3126982802,0.0,8702.9040855495,1782.5,4531.0,48022.0232638889],[0.3021049019,0.0,8095.4760939994,1782.5,4531.0,47695.2740740741],[0.2977717265,0.0,7588.2300861488,1782.5,4531.0,46685.8631944444],[0.2992744198,0.0,7002.7096284373,1782.5,4531.0,44494.9810185185],[0.2948771433,0.0,6095.5388847361,1782.5,4531.0,42082.0642361111],[0.2807348086,0.0,5020.1603698887,1782.5,4531.0,40371.4111111111],[0.2719607932,0.0,4322.712207083,1782.5,4531.0,39109.3586805556],[0.2655369191,54.3313252746,3863.449999986,1782.5,4531.0,38530.5416666667],[0.2769673967,1155.2264369584,3406.5183187194,1782.5,4531.0,39265.4329861111],[0.311141898,3686.2289067963,3095.0631987973,1782.5,4531.0,42086.2384259259],[0.3558691393,7795.2638690685,3051.3535733808,1782.5,4531.0,48220.3021990741],[0.3988110604,12383.6939473648,3196.2653823979,1782.5,4531.0,54896.8208333333],[0.4451156995,16506.9361085589,3303.0919437659,1782.5,4531.0,58689.2982638889],[0.4753962948,19146.0678876505,3426.7421739112,1782.5,4531.0,60762.5898148148],[0.4824270172,19978.2945816435,3537.7165022977,1782.5,4531.0,61832.1736111111],[0.4637235587,18974.948064584,3512.4569345026,1782.5,4531.0,62107.9185185185],[0.4292374328,16843.2192708332,3535.3999050149,1782.5,4531.0,62184.9753472222],[0.3947757879,14156.6136148234,3711.9452651857,1782.5,4531.0,61255.1722222222],[0.3507178281,10732.2979717907,3977.0601407142,1782.5,4531.0,59942.3708333333],[0.296681778,7370.2686142974,3805.0858375256,1782.5,4531.0,58948.1921296296],[0.2408963629,4219.6803420358,3397.5834763215,1782.5,4531.0,57828.8673611111],[0.1951829024,1665.1073763692,3239.8200460347,1782.5,4531.0,57476.4863425926],[0.1737310758,315.3327446407,3467.6948287847,1782.5,4531.0,58115.8409722222],[0.177632834,0.0,4069.8023108664,1782.5,4531.0,58453.7333333333],[0.1834081561,0.0,4254.6790874505,1782.5,4531.0,57621.0966435185],[0.1863217416,0.0,4147.830228971,1782.5,4531.0,56146.5888888889],[0.1928003295,0.0,3982.4562680844,1782.5,4531.0,53402.1715277778],[0.2037051328,0.0,3793.7063561245,1782.5,4531.0,49616.8467592593],[0.2120738549,0.0,3536.0615032328,1782.5,4531.0,46444.0159722222],[0.2185412317,0.0,3401.29364529,1782.5,4531.0,44452.9097222222],[0.233164965,0.0,3783.0633703744,1782.5,4531.0,43302.2318287037],[0.2518049657,63.8850178809,4405.2398184037,1782.5,4531.0,42821.3351851852],[0.2812999072,1208.5018934615,4759.4437347034,1782.5,4531.0,43659.6149305556],[0.327795339,3725.1907307316,4977.6444792536,1782.5,4531.0,45810.09375],[0.3785415713,7447.7997878188,5477.9395349222,1782.5,4531.0,50824.640625],[0.4165194914,11437.5135620283,5935.0620927457,1782.5,4531.0,56866.6680555556],[0.453489105,14599.521872552,6548.9743898157,1782.5,4531.0,60557.1246527778],[0.4873999417,16667.5289870782,7229.8171353564,1782.5,4531.0,61983.6884259259],[0.5073533541,17596.5836644095,7830.5700161033,1782.5,4531.0,62561.2375],[0.5060466636,17460.1055615267,8203.4128253125,1782.5,4531.0,63189.8611111111],[0.4950321711,16444.9976870933,8522.8495065932,1782.5,4531.0,63190.533912037],[0.4754592623,14577.1331956009,8716.5079381426,1782.5,4531.0,62270.6159722222],[0.4466641411,11874.3093553767,8728.9283761908,1782.5,4531.0,60261.6938657407],[0.416432227,9276.442253354,9055.0648599389,1782.5,4531.0,59181.3157407407],[0.3661652116,5670.3305725852,9245.1328307691,1782.5,4531.0,57976.4618055556],[0.2946495661,2253.7409061004,8507.6115560885,1782.5,4531.0,57949.6949074074],[0.2611690791,453.4539555017,8707.447740785,1782.5,4531.0,59250.5121527778],[0.2764947887,0.0,10218.2309399769,1782.5,4531.0,59790.3888888889],[0.2961413269,0.0,10993.416931264,1782.5,4531.0,58441.4107638889],[0.2916165052,0.0,10311.0317828177,1782.5,4531.0,57008.1990740741],[0.2811311685,0.0,8884.3831275543,1782.5,4531.0,54059.7586805556],[0.2704579416,0.0,7285.4961839428,1782.5,4531.0,50281.3712962963],[0.2617945345,0.0,5961.128866706,1782.5,4531.0,46886.4978009259],[0.2566157603,0.0,5180.3067170287,1782.5,4531.0,44789.9486111111],[0.2538334192,0.0,4665.6714597395,1782.5,4531.0,43253.4513888889],[0.2443114854,95.3670736665,4146.0037196428,1782.5,4531.0,43202.5157407407],[0.2530663047,1383.2982136825,3476.4029417419,1782.5,4531.0,44151.2795138889],[0.2804071254,4352.0557379106,2323.9483186308,1782.5,4531.0,46323.7303240741],[0.3380554371,9368.1534663111,1581.7443059699,1782.5,4531.0,51066.765625],[0.4028109744,15017.8801137418,1439.0906877022,1782.5,4531.0,56528.9236111111],[0.4587032265,19703.9619687275,1492.8028969166,1782.5,4531.0,59973.9946759259],[0.5005043589,22899.9979570779,1628.1417391896,1782.5,4531.0,61621.1210648148],[0.5200103378,24174.2265552611,1791.6004475116,1782.5,4531.0,62074.3947916667],[0.5068976662,23784.5669816127,1771.491379703,1782.5,4531.0,62871.7796296296],[0.4832450537,22287.9573379648,1686.3114873489,1782.5,4531.0,62675.796875],[0.4500781221,19658.70392752,1661.5613416522,1782.5,4531.0,61397.7083333333],[0.4058764036,16089.4940929094,1709.7424880532,1782.5,4531.0,59409.0623842593],[0.3393785445,11656.798239139,1792.094479992,1782.5,4531.0,58231.1199074074],[0.26251555,6851.6100130083,1846.0395828453,1782.5,4531.0,57181.9444444444],[0.1886672121,2468.4410972645,1978.6315459374,1782.5,4531.0,57034.6724537037],[0.1596616999,568.0055809705,2278.2476308529,1782.5,4531.0,57369.7587962963],[0.1537677326,0.023483574,2586.6370259286,1782.5,4531.0,57880.5472222222],[0.1637152063,0.0,3014.0802344177,1782.5,4531.0,56974.4280092593],[0.1658022991,0.0,2920.3048416184,1782.5,4531.0,55691.6574074074],[0.1629540889,0.0,2290.2153360672,1782.5,4531.0,52798.4010416667],[0.1638872732,0.0,1747.9530519664,1782.5,4531.0,49189.012037037],[0.1652860444,0.0,1325.0214485196,1782.5,4531.0,46213.9527777778],[0.1658959216,0.0,947.2088506312,1782.5,4531.0,43766.6506944444],[0.1635438484,0.0,680.64387582,1782.5,4531.0,42766.1690972222],[0.1643915295,