{"columns":["RE_share","solar_generation","wind_generation","hydro_generation","biomass_generation","demand"],"index":[1714856400000,1714860000000,1714863600000,1714867200000,1714870800000,1714874400000,1714878000000,1714881600000,1714885200000,1714888800000,1714892400000,1714896000000,1714899600000,1714903200000,1714906800000,1714910400000,1714914000000,1714917600000,1714921200000,1714924800000,1714928400000,1714932000000,1714935600000,1714939200000,1714942800000,1714946400000,1714950000000,1714953600000,1714957200000,1714960800000,1714964400000,1714968000000,1714971600000,1714975200000,1714978800000,1714982400000,1714986000000,1714989600000,1714993200000,1714996800000,1715000400000,1715004000000,1715007600000,1715011200000,1715014800000,1715018400000,1715022000000,1715025600000,1715029200000,1715032800000,1715036400000,1715040000000,1715043600000,1715047200000,1715050800000,1715054400000,1715058000000,1715061600000,1715065200000,1715068800000,1715072400000,1715076000000,1715079600000,1715083200000,1715086800000,1715090400000,1715094000000,1715097600000,1715101200000,1715104800000,1715108400000,1715112000000,1715115600000,1715119200000,1715122800000,1715126400000,1715130000000,1715133600000,1715137200000,1715140800000,1715144400000,1715148000000,1715151600000,1715155200000,1715158800000,1715162400000,1715166000000,1715169600000,1715173200000,1715176800000,1715180400000,1715184000000,1715187600000,1715191200000,1715194800000,1715198400000,1715202000000,1715205600000,1715209200000,1715212800000,1715216400000,1715220000000,1715223600000,1715227200000,1715230800000,1715234400000,1715238000000,1715241600000,1715245200000,1715248800000,1715252400000,1715256000000,1715259600000,1715263200000,1715266800000,1715270400000,1715274000000,1715277600000,1715281200000,1715284800000,1715288400000,1715292000000,1715295600000,1715299200000,1715302800000,1715306400000,1715310000000,1715313600000,1715317200000,1715320800000,1715324400000,1715328000000,1715331600000,1715335200000,1715338800000,1715342400000,1715346000000,1715349600000,1715353200000,1715356800000,1715360400000,1715364000000,1715367600000,1715371200000,1715374800000],"data":[[0.1919137792,0.0,2975.1951095225,1802.75,4510.25,48397.75],[0.2189052311,0.0,4183.2265763084,1802.75,4510.25,47948.7243055556],[0.2537435159,0.0,5673.1891876052,1802.75,4510.25,47237.4206018519],[0.2957758372,0.0,7256.7543140456,1802.75,4510.25,45878.5086805556],[0.3458691635,0.0,8733.6104257814,1802.75,4510.25,43503.7638888889],[0.3968255614,0.0,9813.8741577863,1802.75,4510.25,40639.7060185185],[0.4479786518,0.0,10741.683533932,1802.75,4510.25,38070.3041666667],[0.4891902516,0.0,11633.5261428112,1802.75,4510.25,36686.1892361111],[0.5261304639,43.4755199583,12419.4166598244,1802.75,4510.25,35686.7611111111],[0.5906894112,1076.4277307817,13690.9667635776,1802.75,4510.25,35687.78125],[0.7075552778,3372.4980745856,15690.0858812881,1802.75,4510.25,35863.7476851852],[0.856977595,6635.5785829896,18062.384720489,1802.75,4510.25,36186.4341435185],[0.9638801861,10036.732142601,19788.2311335633,1802.75,4510.25,37492.1736111111],[0.9950394009,12965.568711608,20858.7225630614,1802.75,4510.25,40337.3888888889],[0.9912938592,15406.7144459897,21775.2511073628,1802.75,4510.25,43876.9645833333],[0.9887441578,16824.5517091944,22507.2249707913,1802.75,4510.25,46164.3958333333],[0.9793226078,17386.9141088394,22984.2078097907,1802.75,4510.25,47669.8092592593],[0.9612497887,16887.6630753411,22758.0577695147,1802.75,4510.25,47811.4236111111],[0.9422742728,15950.2689953471,21202.4507385379,1802.75,4510.25,46128.5222222222],[0.9028576139,14022.8796466245,19680.2299430452,1802.75,4510.25,44321.6172453704],[0.8097050722,10953.5884660186,17739.7864019303,1802.75,4510.25,43233.4884259259],[0.6530765102,6553.76128756,15270.8836898315,1802.75,4510.25,43084.7604166667],[0.4928084056,2360.9377414455,12832.7388694018,1802.75,4510.25,43641.0506944444],[0.3828739728,413.5405591769,10953.5080759383,1802.75,4510.25,46177.2016203704],[0.3352917984,0.0,9520.2219523098,1802.75,4510.25,47222.2166666667],[0.3034075908,0.0,8156.2067039652,1802.75,4510.25,47689.0069444444],[0.2828093558,0.0,7008.5616137783,1802.75,4510.25,47104.387962963],[0.2692243215,0.0,6142.8431859035,1802.75,4510.25,46265.6684027778],[0.2700806159,0.0,5620.6716846855,1802.75,4510.25,44185.5912037037],[0.2719318313,0.0,4929.8038936801,1802.75,4510.25,41344.199537037],[0.2732669864,0.0,4476.4611495893,1802.75,4510.25,39483.2222222222],[0.2771123861,0.0,4279.8586861163,1802.75,4510.25,38225.8578703704],[0.2738170866,51.6197946915,3991.704253582,1802.75,4510.25,37822.0518518519],[0.2836776575,1084.7538965078,3619.4134227386,1802.75,4510.25,38836.9229166667],[0.3169640388,3614.985351691,3111.137909894,1802.75,4510.25,41137.5476851852],[0.3643428017,8013.7840635511,2856.5035922244,1802.75,4510.25,47162.4184027778],[0.4143658243,13190.833641265,2959.9246885575,1802.75,4510.25,54212.3819444444],[0.4665083764,17612.015714466,3205.3964965406,1802.75,4510.25,58156.3238425926],[0.4982586262,20109.5462477375,3596.7251544854,1802.75,4510.25,60248.3726851852],[0.510883481,20753.6103562932,3841.5736272273,1802.75,4510.25,60499.478125],[0.498441262,20298.6395933572,3674.4637579385,1802.75,4510.25,60761.6296296296],[0.4709317738,18874.4412477232,3490.261434524,1802.75,4510.25,60895.6631944444],[0.4347046905,16221.4043374867,3356.2698299731,1802.75,4510.25,59559.2243055556],[0.3820278355,12808.8640637392,3074.3334827933,1802.75,4510.25,58100.9954861111],[0.3053285381,8560.4936005705,2761.7981950866,1802.75,4510.25,57758.412962963],[0.2382598581,4699.6297608112,2579.3572019813,1802.75,4510.25,57046.9027777778],[0.1858960354,1825.0729939411,2400.9131665156,1802.75,4510.25,56692.9043981482],[0.16007675,316.2847813111,2561.8354691891,1802.75,4510.25,57416.959375],[0.163968648,0.0,3113.6714382307,1802.75,4510.25,57490.6944444444],[0.1731810073,0.0,3510.766702464,1802.75,4510.25,56725.427662037],[0.1796151722,0.0,3655.049994161,1802.75,4510.25,55496.7037037037],[0.1896166611,0.0,3669.5291106466,1802.75,4510.25,52645.84375],[0.2052337606,0.0,3799.5412352367,1802.75,4510.25,49273.2833333333],[0.2257285983,0.0,4061.632054807,1802.75,4510.25,45960.6453703704],[0.2454569845,0.0,4441.3880565014,1802.75,4510.25,43813.7381944444],[0.2644394021,0.0,5018.5085815986,1802.75,4510.25,42851.0596064815],[0.2824352286,61.8708125457,5579.0715729531,1802.75,4510.25,42324.5444444444],[0.3057945459,939.1768663621,5906.2236019983,1802.75,4510.25,43030.2],[0.3303516262,2812.8000752285,5789.1788145719,1802.75,4510.25,45148.7981481481],[0.3533985806,5677.43476744,5768.6838042724,1802.75,4510.25,50252.3766203704],[0.3846307144,9040.2354104088,6310.953357085,1802.75,4510.25,56324.6458333333],[0.4330144788,12434.9490812253,7202.3893697591,1802.75,4510.25,59929.4936342593],[0.4794693199,14923.7537874294,8366.6806928513,1802.75,4510.25,61742.0828703704],[0.5090919114,16009.9679692881,9398.524456562,1802.75,4510.25,62309.9517361111],[0.5180679767,16096.9306875135,10086.6794413666,1802.75,4510.25,62726.537037037],[0.5144411424,15445.245031911,10516.3102486727,1802.75,4510.25,62737.119212963],[0.4990596923,13777.2207024661,10704.0541721366,1802.75,4510.25,61704.5923611111],[0.4714293148,11178.9599821379,10758.4097330299,1802.75,4510.25,59924.9321759259],[0.4292134466,8144.1019567246,10878.5616270139,1802.75,4510.25,59028.1217592593],[0.380271621,4847.8031341321,10794.4858966092,1802.75,4510.25,57735.8072916667],[0.3200938896,1945.3162002548,10250.8747458525,1802.75,4510.25,57824.255787037],[0.2858933323,458.5450224681,9968.3544557931,1802.75,4510.25,58552.9552083333],[0.2804114245,0.0021694716,10298.915678958,1802.75,4510.25,59241.2305555556],[0.2959760175,0.0,10866.9391712003,1802.75,4510.25,58045.037962963],[0.2958436126,0.0,10435.5164386995,1802.75,4510.25,56612.7363425926],[0.2846836288,0.0,8983.2881191731,1802.75,4510.25,53730.8315972222],[0.2784868799,0.0,7635.6682764026,1802.75,4510.25,50087.3444444444],[0.2775051393,0.0,6644.8971770327,1802.75,4510.25,