{"columns":["RE_share","solar","wind","hydro","biomass","demand"],"index":[1719003600000,1719007200000,1719010800000,1719014400000,1719018000000,1719021600000,1719025200000,1719028800000,1719032400000,1719036000000,1719039600000,1719043200000,1719046800000,1719050400000,1719054000000,1719057600000,1719061200000,1719064800000,1719068400000,1719072000000,1719075600000,1719079200000,1719082800000,1719086400000,1719090000000,1719093600000,1719097200000,1719100800000,1719104400000,1719108000000,1719111600000,1719115200000,1719118800000,1719122400000,1719126000000,1719129600000,1719133200000,1719136800000,1719140400000,1719144000000,1719147600000,1719151200000,1719154800000,1719158400000,1719162000000,1719165600000,1719169200000,1719172800000,1719176400000,1719180000000,1719183600000,1719187200000,1719190800000,1719194400000,1719198000000,1719201600000,1719205200000,1719208800000,1719212400000,1719216000000,1719219600000,1719223200000,1719226800000,1719230400000,1719234000000,1719237600000,1719241200000,1719244800000,1719248400000,1719252000000,1719255600000,1719259200000,1719262800000,1719266400000,1719270000000,1719273600000,1719277200000,1719280800000,1719284400000,1719288000000,1719291600000,1719295200000,1719298800000,1719302400000,1719306000000,1719309600000,1719313200000,1719316800000,1719320400000,1719324000000,1719327600000,1719331200000,1719334800000,1719338400000,1719342000000,1719345600000,1719349200000,1719352800000,1719356400000,1719360000000,1719363600000,1719367200000,1719370800000,1719374400000,1719378000000,1719381600000,1719385200000,1719388800000,1719392400000,1719396000000,1719399600000,1719403200000,1719406800000,1719410400000,1719414000000,1719417600000,1719421200000,1719424800000,1719428400000,1719432000000,1719435600000,1719439200000,1719442800000,1719446400000,1719450000000,1719453600000,1719457200000,1719460800000,1719464400000,1719468000000,1719471600000,1719475200000,1719478800000,1719482400000,1719486000000,1719489600000,1719493200000,1719496800000,1719500400000,1719504000000,1719507600000,1719511200000,1719514800000,1719518400000,1719522000000],"data":[[0.395485928,0.0,13958.21731102,1910.5,4298.0,50992.25],[0.4453907153,0.0,15386.6013802467,1910.5,4298.0,48485.7466435185],[0.4910413672,0.0,16295.7970755989,1910.5,4298.0,45829.7377314815],[0.5389689665,0.0,16906.7327295153,1910.5,4298.0,42887.8732638889],[0.5842675725,0.0,17524.8953824666,1910.5,4298.0,40620.7643518518],[0.6193897656,0.0,17906.4182430789,1910.5,4298.0,38933.349537037],[0.6287106151,0.0,17773.9877524004,1910.5,4298.0,38145.5111111111],[0.6345982191,0.0,17699.2775821019,1910.5,4298.0,37673.8806712963],[0.6365102089,0.0,17628.8886542929,1910.5,4298.0,37450.1277777778],[0.6801189751,2329.8765712763,17624.1792159917,1910.5,4298.0,38467.6163194444],[0.7864659511,7962.4051206471,18097.3186081796,1910.5,4298.0,41029.3969907407],[0.8977831839,15449.8778490272,18382.1170561212,1910.5,4298.0,44599.2925925926],[0.9734994783,22282.368375397,18279.4375858389,1910.5,4298.0,48043.4833333333],[1.047202499,27999.7629466357,18289.9555312031,1910.5,4298.0,50131.8689814815],[1.1089048365,32332.1755933415,18506.5689649382,1910.5,4298.0,51444.6710648148],[1.1272153488,34449.1928067627,18514.1931558558,1910.5,4298.0,52493.8611111111],[1.153442195,34645.6434843379,17827.7942253577,1910.5,4298.0,50875.4907407407],[1.142453892,32644.5892423123,16997.5884650022,1910.5,4298.0,48886.5923611111],[1.0632850237,28590.84789757,16084.9469913873,1910.5,4298.0,47855.7430555556],[0.9411517342,23013.7276422237,15267.2301591917,1910.5,4298.0,47271.2913194444],[0.7953660729,16885.1040334004,14396.4305706,1910.5,4298.0,47135.5717592593],[0.607314104,10023.0101242861,12797.0161543099,1910.5,4298.0,47798.2086805556],[0.4359898544,3561.9479678601,11028.7131602671,1910.5,4298.0,47705.6081018519],[0.3554826567,516.0629743115,9778.7958483625,1910.5,4298.0,46425.215162037],[0.3381756409,0.0,8894.1432492648,1910.5,4298.0,44659.1694444444],[0.3323426853,0.0,8359.4375377205,1910.5,4298.0,43834.0850694444],[0.338986091,0.0,8135.27058948,1910.5,4298.0,42313.74375],[0.3573924726,0.0,8078.5492615624,1910.5,4298.0,39975.7979166667],[0.3767106368,0.0,8131.1079361817,1910.5,4298.0,38065.312037037],[0.3984944446,0.0,8271.4044103689,1910.5,4298.0,36336.527662037],[0.4115172378,0.0,8459.30464199,1910.5,4298.0,35643.2326388889],[0.4166722001,0.0,8458.619500938,1910.5,4298.0,35200.6193287037],[0.3969739712,0.0,7720.1940941527,1910.5,4298.0,35087.1722222222],[0.454434701,2707.5262032857,7135.8582364964,1910.5,4298.0,35322.7524305556],[0.6153796667,9196.7656115342,7634.643409417,1910.5,4298.0,37440.1532407407],[0.7852727785,17586.1218278536,8095.2552627984,1910.5,4298.0,40609.9357638889],[0.8594517631,23782.7377764133,8135.7852117624,1910.5,4298.0,44362.0277777778],[0.9320267562,27830.9499939305,8174.2722953126,1910.5,4298.0,45292.3931712963],[0.9566531142,30709.9661268962,8458.5323434807,1910.5,4298.0,47433.074537037],[0.9869896846,32319.9138352354,9184.2610960475,1910.5,4298.0,48341.6145833333],[1.0294341556,32692.8822267998,9913.4894408764,1910.5,4298.0,47419.1296296296],[1.0457007745,31401.2604795602,10381.2160934121,1910.5,4298.0,45893.6033564815],[1.0078424147,28579.5866357992,10546.523388669,1910.5,4298.0,44981.84375],[0.9352217598,25004.861295894,10398.6969271803,1910.5,4298.0,44494.3221064815],[0.7978025396,19942.1728989097,9854.7865685611,1910.5,4298.0,45130.7907407407],[0.57569999,12344.819438755,8335.5951532944,1910.5,4298.0,46706.4704861111],[0.3664772919,4202.1317580284,6690.6192073836,1910.5,4298.0,46663.8761574074],[0.2698934978,582.0073576805,5786.0136231268,1910.5,4298.0,46598.0880787037],[0.253194096,0.0,5410.7979064036,1910.5,4298.0,45890.8722222222],[0.2470476432,0.0,5147.4614387047,1910.5,4298.0,45966.6859953704],[0.2532233657,0.0,4960.8154300855,1910.5,4298.0,44108.5497685185],[0.2596652566,0.0,4524.137660806,1910.5,4298.0,41332.5902777778],[0.2552538732,0.0,3930.2503736311,1910.5,4298.0,39720.2606481481],[0.2512959485,0.0,3442.0880279111,1910.5,4298.0,38403.2774305556],[0.244514318,0.0,3104.203062143,1910.5,4298.0,38086.5347222222],[0.2319626482,0.0,2728.0379483273,1910.5,4298.0,38525.7627314815],[0.2087906865,0.0,2218.0025064732,1910.5,4298.0,40358.612962963],[0.2299729675,2697.9691744712,1582.6295745206,1910.5,4298.0,45610.1378472222],[0.3304733363,9935.6900617464,1299.6613231579,1910.5,4298.0,52784.444212963],[0.5094453459,21692.7287996303,1429.4151024725,1910.5,4298.0,57573.6811342593],[0.6510010826,31327.0528310635,1716.2274242688,1910.5,4298.0,60294.4930555555],[0.7454063451,37669.1082120601,2048.0188893814,1910.5,4298.0,61611.5322916667],[0.8017335748,41207.5720730485,2312.0410276301,1910.5,4298.0,62025.7335648148],[0.8143932378,42300.7916247891,2372.9207830928,1910.5,4298.0,62478.6774305556],[0.8204492142,42305.596647879,2410.5160419759,1910.5,4298.0,62069.1833333333],[0.8152714204,40807.1957105145,2439.0423175097,1910.5,4298.0,60660.4583333333],[0.7702105525,37365.3825164782,2534.2806665491,1910.5,4298.0,59864.3618055556],[0.6884668332,31347.4984677355,2704.1355189044,1910.5,4298.0,58477.9571759259],[0.5632900114,23603.7764263689,2964.308713192,1910.5,4298.0,58187.762037037],[0.4062239944,13945.1038423728,3402.2711014357,1910.5,4298.0,57987.4041666667],[0.2498966333,4249.2031745765,3923.776052605,1910.5,4298.0,57549.7118055555],[0.2013955543,548.4238978829,4550.0728850783,1910.5,4298.0,56143.2292824074],[0.2143285194,0.0,5341.9824282018,1910.5,4298.0,53891.4861111111],[0.226718043,0.0,5629.1276038126,1910.5,4298.0,52212.9930555556],[0.2383200219,0.0,5374.7349037519,1910.5,4298.0,48603.7002314815],[0.2506588466,0.0,5161.6028693088,1910.5,4298.0,45360.8680555556],[0.2589670272,0.0,5074.4658188466,1910.5,4298.0,43569.1212962963],[0.263227717,0.0,4955.081039758,1910.5,4298.0,42410.3554398148],[0.2625432873,0.0,4827.375443514,1910.5,4298.0,42034.4986111111],[0.2542203457,0.0,4504.4773053601,1910.5,4298.0,42140.5189814815],[0.2301634038,0.0,3889.0604910349,1910.5,4298.0,43871.2685185185],