{"columns":["RE_share","solar_generation","wind_generation","hydro_generation","biomass_generation","demand"],"index":[1714597200000,1714600800000,1714604400000,1714608000000,1714611600000,1714615200000,1714618800000,1714622400000,1714626000000,1714629600000,1714633200000,1714636800000,1714640400000,1714644000000,1714647600000,1714651200000,1714654800000,1714658400000,1714662000000,1714665600000,1714669200000,1714672800000,1714676400000,1714680000000,1714683600000,1714687200000,1714690800000,1714694400000,1714698000000,1714701600000,1714705200000,1714708800000,1714712400000,1714716000000,1714719600000,1714723200000,1714726800000,1714730400000,1714734000000,1714737600000,1714741200000,1714744800000,1714748400000,1714752000000,1714755600000,1714759200000,1714762800000,1714766400000,1714770000000,1714773600000,1714777200000,1714780800000,1714784400000,1714788000000,1714791600000,1714795200000,1714798800000,1714802400000,1714806000000,1714809600000,1714813200000,1714816800000,1714820400000,1714824000000,1714827600000,1714831200000,1714834800000,1714838400000,1714842000000,1714845600000,1714849200000,1714852800000,1714856400000,1714860000000,1714863600000,1714867200000,1714870800000,1714874400000,1714878000000,1714881600000,1714885200000,1714888800000,1714892400000,1714896000000,1714899600000,1714903200000,1714906800000,1714910400000,1714914000000,1714917600000,1714921200000,1714924800000,1714928400000,1714932000000,1714935600000,1714939200000,1714942800000,1714946400000,1714950000000,1714953600000,1714957200000,1714960800000,1714964400000,1714968000000,1714971600000,1714975200000,1714978800000,1714982400000,1714986000000,1714989600000,1714993200000,1714996800000,1715000400000,1715004000000,1715007600000,1715011200000,1715014800000,1715018400000,1715022000000,1715025600000,1715029200000,1715032800000,1715036400000,1715040000000,1715043600000,1715047200000,1715050800000,1715054400000,1715058000000,1715061600000,1715065200000,1715068800000,1715072400000,1715076000000,1715079600000,1715083200000,1715086800000,1715090400000,1715094000000,1715097600000,1715101200000,1715104800000,1715108400000,1715112000000,1715115600000],"data":[[0.7524762555,0.0,26818.9602458761,1806.0,4523.5,44052.5],[0.616191262,0.0,27050.0641276672,1806.0,4523.5,54170.7846064815],[0.6230899401,0.0,26314.4042259214,1806.0,4523.5,52390.356712963],[0.6356252562,0.0,25367.1604262876,1806.0,4523.5,49866.8989583333],[0.6669547749,0.0,24459.2777824335,1806.0,4523.5,46163.2166666667],[0.7019228244,0.0,23700.1789284623,1806.0,4523.5,42782.0237268519],[0.7344730696,0.0,23292.962321679,1806.0,4523.5,40331.5840277778],[0.7569605842,0.0,23209.9106334893,1806.0,4523.5,39023.7104166667],[0.7723675737,32.8960157886,23272.5747045024,1806.0,4523.5,38368.9990740741],[0.7866304633,1248.592874863,22584.8597458838,1806.0,4523.5,38344.5010416667],[0.788939788,3115.9641229346,20793.1396891768,1806.0,4523.5,38328.1516203704],[0.8267516397,4793.8854483638,20049.3656962644,1806.0,4523.5,37705.0974537037],[0.9935137558,10996.339988255,21260.1865457678,1806.0,4523.5,38837.9388888889],[1.1120611252,17578.5109322425,22879.5018900596,1806.0,4523.5,42072.7887731481],[1.2135225496,23493.5331562909,24249.2217452708,1806.0,4523.5,44558.0965277778],[1.2831365244,27836.1190933631,25312.272068597,1806.0,4523.5,46353.5173611111],[1.3343910987,29517.2026585139,26215.8051007279,1806.0,4523.5,46509.9833333333],[1.3145463826,28616.45500369,26972.6701621786,1806.0,4523.5,47102.6553240741],[1.2885559105,25289.578922971,27668.7422427866,1806.0,4523.5,46011.0583333333],[1.2442173464,20783.2894273795,27877.6501867614,1806.0,4523.5,44196.8115740741],[1.1288307799,15116.4572492885,27175.6692326426,1806.0,4523.5,43072.5555555556],[0.9834014003,9398.2367997524,26097.2661581527,1806.0,4523.5,42530.9572916667],[0.8310695906,4025.4867973199,25459.6486368991,1806.0,4523.5,43094.6287037037],[0.7365597003,366.0329269698,25796.0523346798,1806.0,4523.5,44112.6296296296],[0.7404749185,0.0,27117.6327684316,1806.0,4523.5,45169.8388888889],[0.7530384272,0.0,27852.8639189116,1806.0,4523.5,45392.5891203704],[0.7458748129,0.0,27178.2453571784,1806.0,4523.5,44924.0875],[0.7586762406,0.0,25482.5344787287,1806.0,4523.5,41930.975],[0.7428044051,0.0,23405.9503995562,1806.0,4523.5,40031.3328703704],[0.7205623541,0.0,21858.3544501265,1806.0,4523.5,39119.2438657407],[0.7288300465,0.0,21089.1040620757,1806.0,4523.5,37620.0243055556],[0.7422091261,0.0,20845.5426390852,1806.0,4523.5,36613.7274305556],[0.7506069423,35.2487196729,20620.0226089922,1806.0,4523.5,35950.6018518519],[0.7345856076,770.5787512965,19792.6583147541,1806.0,4523.5,36609.3982638889],[0.6959787182,2040.4536714552,18249.3869901494,1806.0,4523.5,38247.3486111111],[0.6636015736,3692.1010742635,17542.4405304084,1806.0,4523.5,41537.0347222222],[0.6462645173,6941.6044320957,16570.7736045396,1806.0,4523.5,46175.95],[0.6379671075,10288.1985989958,15307.8466536787,1806.0,4523.5,50042.6195601852],[0.6516745754,13176.9994401446,14412.2394559428,1806.0,4523.5,52048.5840277778],[0.6596540444,14852.2814865211,13719.288833737,1806.0,4523.5,52908.1427083333],[0.6543201386,15629.2348538651,13182.5308763535,1806.0,4523.5,53706.5324074074],[0.6352838327,15193.7400469748,12903.3409112617,1806.0,4523.5,54190.8658564815],[0.6017187421,13117.4095974558,12701.7064009021,1806.0,4523.5,53427.9784722222],[0.5609292689,10581.369409693,12123.2451158357,1806.0,4523.5,51760.7408564815],[0.5555829964,7751.9562388829,14241.1720677756,1806.0,4523.5,50978.212962963],[0.5466565118,4802.231091178,16466.9375462833,1806.0,4523.5,50486.3072916667],[0.4624096775,2158.0145674473,14896.4030319548,1806.0,4523.5,50569.6976851852],[0.3872091223,285.7148165592,13306.4898951021,1806.0,4523.5,51449.4715277778],[0.3577652115,0.0,12173.200464245,1806.0,4523.5,51717.4388888889],[0.3571848495,0.0,11835.9730448334,1806.0,4523.5,50857.3447916667],[0.3604034207,0.0,11478.2570182767,1806.0,4523.5,49410.6215277778],[0.3632475261,0.0,10916.635373771,1806.0,4523.5,47477.6402777778],[0.3782788477,0.0,10364.3145443157,1806.0,4523.5,44130.975462963],[0.399913141,0.0,10097.1250938201,1806.0,4523.5,41075.4821759259],[0.4158266271,0.0,9766.5145986158,1806.0,4523.5,38708.475],[0.4249726125,0.0,9491.5980679865,1806.0,4523.5,37228.5121527778],[0.4330560678,46.9217921508,9493.6347606921,1806.0,4523.5,36646.6555555556],[0.4642119468,1353.3889666273,9276.0743727919,1806.0,4523.5,36532.8024305556],[0.4818703642,3410.1195878853,8146.2077810854,1806.0,4523.5,37117.5085648148],[0.4917667528,5422.5099488703,7097.3866338442,1806.0,4523.5,38329.953125],[0.602236091,11647.0244773441,6634.254871263,1806.0,4523.5,40865.6666666667],[0.6774067944,17502.6824303498,5950.1963163454,1806.0,4523.5,43965.2790509259],[0.7069564211,21800.4273055088,4999.4651536232,1806.0,4523.5,46862.0009259259],[0.7104784862,24296.9606831058,4037.6507020871,1806.0,4523.5,48789.8114583333],[0.7020302544,25158.0048330393,3270.5356854953,1806.0,4523.5,49510.7444444444],[0.6886308383,25191.4453876606,2695.4117420662,1806.0,4523.5,49687.5179398148],[0.6766377242,24160.4714710931,2311.9837855556,1806.0,4523.5,48477.8694444444],[0.6353430739,21678.4023987579,2032.6874466463,1806.0,4523.5,47282.4700231481],[0.551448902,17250.8266926992,1873.6766441115,1806.0,4523.5,46158.4078703704],[0.4316031711,11230.5772011393,1987.3524064087,1806.0,4523.5,45290.2826388889],[0.2989249849,4814.948159605,2566.3427395554,1806.0,4523.5,45866.9953703704],[0.2266762424,782.2358008953,3564.1424665005,1806.0,4523.5,47097.4732638889],[0.2381693637,0.0,5054.9142086505,1806.0,4523.5,47799.6583333333],[0.2877240969,0.0,7131.3640035985,1806.0,4523.5,46783.9299768519],[0.3352204471,0.0,8913.4182085708,1806.0,4523.5,45471.3259259259],[0.3682394268,0.0,10019.6906079976,1806.0,4523.5,44398.2621527778],[0.4148971291,0.0,11066.9157303199,1806.0,4523.5,41929.4675925926],[0.4601475987,0.0,11747.6332802702,1806.0,4523.5,39285.5104166667],[0.4894489963,0.0,11868.0270789049,1806.0,4523.5,37179.61875],[0.5038449187,0.0,11709.404320046,1806.0,