{"columns":["RE_share","solar_generation","wind_generation","hydro_generation","biomass_generation","demand"],"index":[1717966800000,1717970400000,1717974000000,1717977600000,1717981200000,1717984800000,1717988400000,1717992000000,1717995600000,1717999200000,1718002800000,1718006400000,1718010000000,1718013600000,1718017200000,1718020800000,1718024400000,1718028000000,1718031600000,1718035200000,1718038800000,1718042400000,1718046000000,1718049600000,1718053200000,1718056800000,1718060400000,1718064000000,1718067600000,1718071200000,1718074800000,1718078400000,1718082000000,1718085600000,1718089200000,1718092800000,1718096400000,1718100000000,1718103600000,1718107200000,1718110800000,1718114400000,1718118000000,1718121600000,1718125200000,1718128800000,1718132400000,1718136000000,1718139600000,1718143200000,1718146800000,1718150400000,1718154000000,1718157600000,1718161200000,1718164800000,1718168400000,1718172000000,1718175600000,1718179200000,1718182800000,1718186400000,1718190000000,1718193600000,1718197200000,1718200800000,1718204400000,1718208000000,1718211600000,1718215200000,1718218800000,1718222400000,1718226000000,1718229600000,1718233200000,1718236800000,1718240400000,1718244000000,1718247600000,1718251200000,1718254800000,1718258400000,1718262000000,1718265600000,1718269200000,1718272800000,1718276400000,1718280000000,1718283600000,1718287200000,1718290800000,1718294400000,1718298000000,1718301600000,1718305200000,1718308800000,1718312400000,1718316000000,1718319600000,1718323200000,1718326800000,1718330400000,1718334000000,1718337600000,1718341200000,1718344800000,1718348400000,1718352000000,1718355600000,1718359200000,1718362800000,1718366400000,1718370000000,1718373600000,1718377200000,1718380800000,1718384400000,1718388000000,1718391600000,1718395200000,1718398800000,1718402400000,1718406000000,1718409600000,1718413200000,1718416800000,1718420400000,1718424000000,1718427600000,1718431200000,1718434800000,1718438400000,1718442000000,1718445600000,1718449200000,1718452800000,1718456400000,1718460000000,1718463600000,1718467200000,1718470800000,1718474400000,1718478000000,1718481600000,1718485200000],"data":[[0.4521233102,146.876491763,13754.3277129176,1847.25,4356.0,44466.75],[0.4318785376,0.0,12816.8067099578,1847.25,4356.0,44040.2915509259],[0.4275029362,0.0,12458.5197417916,1847.25,4356.0,43652.9627314815],[0.4173912402,0.0,12140.531819591,1847.25,4356.0,43948.6506944444],[0.435575602,0.0,12059.2052974933,1847.25,4356.0,41927.1768518519],[0.461809671,0.0,11990.1548927358,1847.25,4356.0,39395.8940972222],[0.4708890297,0.0,11642.3588933039,1847.25,4356.0,37897.6951388889],[0.4709544337,3.6393839046,10892.0951588058,1847.25,4356.0,36307.0890046296],[0.4580396677,527.00524856,9826.7802935959,1847.25,4356.0,36147.6018518519],[0.4496389947,2120.6754378539,8158.5567647565,1847.25,4356.0,36657.1458333333],[0.4704362195,5114.4734333591,6634.3323315844,1847.25,4356.0,38160.4456018519],[0.5136801668,10119.0068878743,6138.0846187167,1847.25,4356.0,43724.3696759259],[0.5642024279,15825.402312354,6413.1157131724,1847.25,4356.0,50410.5736111111],[0.6128730711,20538.6668772282,6891.5410568893,1847.25,4356.0,54878.3418981481],[0.6468763616,22795.7006949007,7965.9004022698,1847.25,4356.0,57143.6108796296],[0.6528315498,22356.6829033493,9696.5184059242,1847.25,4356.0,58600.8003472222],[0.6534327863,21179.2036915962,11173.0308253469,1847.25,4356.0,59004.5148148148],[0.6344009073,19078.2447797977,12307.1711898948,1847.25,4356.0,59250.6497685185],[0.6172727398,16571.8096181746,13439.4562730252,1847.25,4356.0,58668.58125],[0.6121166303,14109.505896265,14644.8436316354,1847.25,4356.0,57109.3771990741],[0.5963924311,10743.1248248853,16690.5568028564,1847.25,4356.0,56400.6682098765],[0.5575367804,6773.1126766141,17909.8206095271,1847.25,4356.0,55397.5708333333],[0.5119771658,3060.0121292953,18583.9479154203,1847.25,4356.0,54391.5078703704],[0.4803050288,1134.6839441999,18761.7704988596,1847.25,4356.0,54339.8525462963],[0.4653839314,95.1031481131,18956.1842011441,1847.25,4356.0,54266.0277777778],[0.4852283748,0.0,19562.2758957884,1847.25,4356.0,53099.7922453704],[0.5195454175,0.0,20280.7455457269,1847.25,4356.0,50975.3231481481],[0.555821413,0.0,21021.5399500727,1847.25,4356.0,48981.1822916667],[0.6059664244,0.0,21415.5115370116,1847.25,4356.0,45578.0393518518],[0.6621566361,0.0,21879.7669322264,1847.25,4356.0,42411.4407407407],[0.7075968895,0.0,22474.855885691,1847.25,4356.0,40528.875],[0.7310792797,2.1623010696,22487.5157882448,1847.25,4356.0,39247.3550925926],[0.7513649056,445.58990902,22487.1723660065,1847.25,4356.0,38777.4462962963],[0.7898410217,1919.3329725163,22691.8369450556,1847.25,4356.0,39013.4458333333],[0.8424268548,4804.5328725086,23454.8999594447,1847.25,4356.0,40908.8131944444],[0.8823741778,9083.2124847393,24813.8097181265,1847.25,4356.0,45445.8813657407],[0.8846493237,13082.9265324371,26704.1873797321,1847.25,4356.0,51987.1125],[0.8897900191,16280.5763659861,27544.3332174244,1847.25,4356.0,56224.6805555556],[0.8851115803,18530.3353459581,26873.6986953489,1847.25,4356.0,58305.9641203704],[0.8873074255,20236.1642094126,26410.4479762024,1847.25,4356.0,59562.0645833333],[0.8959351165,21129.0076037801,26573.4207744459,1847.25,4356.0,60166.9444444444],[0.8988733275,21027.2859497941,26617.5764335593,1847.25,4356.0,59906.2300925926],[0.8648226639,19557.5277514371,25958.8059819957,1847.25,4356.0,59803.6868055556],[0.8137165442,16866.4593972861,24652.6701266965,1847.25,4356.0,58647.4244212963],[0.7500757708,13085.7827014449,24100.2680884315,1847.25,4356.0,57846.5569444444],[0.6563552128,8235.451479167,22897.7503000967,1847.25,4356.0,56884.5208333333],[0.5410984454,3738.4658122339,20496.1524352054,1847.25,4356.0,56251.9972222222],[0.4449797485,1453.0912986887,17527.8388456199,1847.25,4356.0,56596.2388888889],[0.3847885614,160.9458369461,15432.4386759699,1847.25,4356.0,56645.7444444444],[0.3856761094,0.0,15136.0854421766,1847.25,4356.0,55329.6792824074],[0.4014340239,0.0,15177.0159992079,1847.25,4356.0,53259.7256944444],[0.4143106432,0.0,15007.1060230453,1847.25,4356.0,51194.3305555556],[0.4351988857,0.0,14615.6135642662,1847.25,4356.0,47837.5847222222],[0.4536131662,0.0,14074.5596759244,1847.25,4356.0,44702.8684027778],[0.4644994367,0.0,13549.1792034495,1847.25,4356.0,42524.11875],[0.4667988063,4.1813103384,13069.534336746,1847.25,4356.0,41296.0902777778],[0.4655855681,565.248670007,12418.9460507161,1847.25,4356.0,41211.425],[0.4883601548,2281.9411208563,11719.5560230691,1847.25,4356.0,41372.6364583333],[0.5621059664,5579.6407489109,12312.5359202299,1847.25,4356.0,42866.3421296296],[0.6409033247,10416.3586458299,13851.4746172513,1847.25,4356.0,47543.9619212963],[0.6589352104,15241.5865402354,14087.3935557634,1847.25,4356.0,53923.7083333333],[0.6693252833,18794.0417802859,13741.011595775,1847.25,4356.0,57876.647337963],[0.6892450617,20780.5802911465,14036.5865217053,1847.25,4356.0,59514.9956018518],[0.7079746067,21934.3825572238,14430.426234595,1847.25,4356.0,60126.5333333333],[0.7072285428,22089.8250751609,14550.7645641532,1847.25,4356.0,60579.9074074074],[0.6902235097,21302.8893849468,14607.6419506039,1847.25,4356.0,61014.7013888889],[0.665121602,19201.6730041135,14609.8609235651,1847.25,4356.0,60161.60625],[0.6289660252,16241.4109646636,14456.9794938845,1847.25,4356.0,58670.3239583333],[0.5642803952,12503.26699658,14001.401007146,1847.25,4356.0,57963.9453703704],[0.4874079528,8236.2145013852,13235.8254422317,1847.25,4356.0,56780.5465277778],[0.3890662615,3956.9155172014,11753.7322854694,1847.25,4356.0,56324.3333333333],[0.3165241154,1550.0693431934,10075.6822911739,1847.25,4356.0,56327.4668981481],[0.2713593243,254.1616217804,8796.0578088164,1847.25,4356.0,56211.3333333333],[0.2554001546,0.0,7861.7917935512,1847.25,4356.0,55070.6079861111],[0.2553466166,0.0,7218.006828253,1847.25,4356.0,52560.9346450617],[0.2549253236,0.0,6722.8744054542,1847.25,4356.0,50705.5329861111],[0.2632280022,0.0,6248.3604325171,1847.25,4356.0,47303.5175925926],